1,../../../../global500/3/2021,沃尔玛（WALMART) ,559,151,13,510,美国
2,../../../../global500/15/2021,国家电网有限公司（STATE GRID) ,386,617.7,5,580.4,中国
3,../../../../global500/485/2021,亚马逊（AMAZON.COM) ,386,064,21,331,美国
4,../../../../global500/13/2021,中国石油天然气集团有限公司（CHINA NATIONAL PETROLEUM) ,283,957.6,4,575.2,中国
5,../../../../global500/9/2021,中国石油化工集团有限公司（SINOPEC GROUP) ,283,727.6,6,205.2,中国
6,../../../../global500/253/2021,苹果公司（APPLE) ,274,515,57,411,美国
7,../../../../global500/63/2021,CVSHealth公司（CVS HEALTH) ,268,706,7,179,美国
8,../../../../global500/71/2021,联合健康集团（UNITEDHEALTH GROUP) ,257,141,15,403,美国
9,../../../../global500/10/2021,丰田汽车公司（TOYOTA MOTOR) ,256,721.7,21,180.1,日本
10,../../../../global500/14/2021,大众公司（VOLKSWAGEN) ,253,965,10,103.5,德国
11,../../../../global500/41/2021,伯克希尔－哈撒韦公司（BERKSHIRE HATHAWAY) ,245,510,42,521,美国
12,../../../../global500/42/2021,麦克森公司（MCKESSON) ,238,228,-4,539,美国
13,../../../../global500/292/2021,中国建筑集团有限公司（CHINA STATE CONSTRUCTION ENGINEERING) ,234,425,3,578.4,中国
14,../../../../global500/752/2021,沙特阿美公司（SAUDI ARAMCO) ,229,766.2,49,286.8,沙特阿拉伯
15,../../../../global500/40/2021,三星电子（SAMSUNG ELECTRONICS) ,200,734.4,22,116.4,韩国
16,../../../../global500/517/2021,中国平安保险（集团）股份有限公司（PING AN INSURANCE) ,191,509.4,20,738.9,中国
17,../../../../global500/91/2021,美源伯根公司（AMERISOURCEBERGEN) ,189,893.9,-3,408.7,美国
18,../../../../global500/4/2021,英国石油公司（BP) ,183,500,-20,305,英国
19,../../../../global500/1/2021,荷兰皇家壳牌石油公司（ROYAL DUTCH SHELL) ,183,195,-21,680,荷兰
20,../../../../global500/92/2021,中国工商银行股份有限公司（INDUSTRIAL &amp; COMMERCIAL BANK OF CHINA) ,182,794.4,45,783.4,中国
21,../../../../global500/423/2021,Alphabet公司（ALPHABET) ,182,527,40,269,美国
22,../../../../global500/109/2021,鸿海精密工业股份有限公司（HON HAI PRECISION INDUSTRY) ,181,945.4,3,456.7,中国
23,../../../../global500/2/2021,埃克森美孚（EXXON MOBIL) ,181,502,-22,440,美国
24,../../../../global500/23/2021,戴姆勒股份公司（DAIMLER) ,175,827.3,4,132.8,德国
25,../../../../global500/125/2021,中国建设银行股份有限公司（CHINA CONSTRUCTION BANK) ,172,000.2,39,282.5,中国
26,../../../../global500/29/2021,美国电话电报公司（AT&amp;T) ,171,760,-5,176,美国
27,../../../../global500/88/2021,开市客（COSTCO WHOLESALE) ,166,761,4,002,美国
28,../../../../global500/487/2021,信诺（CIGNA) ,160,401,8,458,美国
29,../../../../global500/155/2021,中国农业银行股份有限公司（AGRICULTURAL BANK OF CHINA) ,153,884.6,31,293.4,中国
30,../../../../global500/60/2021,嘉德诺（CARDINAL HEALTH) ,152,922,-3,696,美国
31,../../../../global500/661/2021,托克集团（TRAFIGURA GROUP) ,146,994.3,1,699.2,新加坡
32,../../../../global500/133/2021,中国人寿保险（集团）公司（CHINA LIFE INSURANCE) ,144,589.1,4,648.1,中国
33,../../../../global500/117/2021,微软（MICROSOFT) ,143,015,44,281,美国
34,../../../../global500/550/2021,嘉能可（GLENCORE) ,142,338,-1,903,瑞士
35,../../../../global500/662/2021,中国铁路工程集团有限公司（CHINA RAILWAY ENGINEERING GROUP) ,141,383.6,1,638.8,中国
36,../../../../global500/122/2021,沃博联（WALGREENS BOOTS ALLIANCE) ,139,537,456,美国
37,../../../../global500/551/2021,EXOR集团（EXOR GROUP) ,136,185.9,-34.2,荷兰
38,../../../../global500/20/2021,安联保险集团（ALLIANZ) ,136,173.3,7,756.2,德国
39,../../../../global500/145/2021,中国银行股份有限公司（BANK OF CHINA) ,134,045.6,27,952.1,中国
40,../../../../global500/82/2021,克罗格（KROGER) ,132,498,2,585,美国
41,../../../../global500/90/2021,家得宝（HOME DEPOT) ,132,110,12,866,美国
42,../../../../global500/252/2021,中国铁道建筑集团有限公司（CHINA RAILWAY CONSTRUCTION) ,131,992.3,1,485.5,中国
43,../../../../global500/49/2021,摩根大通公司（JPMORGAN CHASE) ,129,503,29,131,美国
44,../../../../global500/519/2021,华为投资控股有限公司（HUAWEI INVESTMENT &amp; HOLDING) ,129,183.5,9,361.6,中国
45,../../../../global500/55/2021,威瑞森电信（VERIZON COMMUNICATIONS) ,128,292,17,801,美国
46,../../../../global500/73/2021,安盛（AXA) ,128,011.4,3,605.2,法国
47,../../../../global500/19/2021,福特汽车公司（FORD MOTOR) ,127,144,-1,279,美国
48,../../../../global500/51/2021,本田汽车（HONDA MOTOR) ,124,240.6,6,201.6,日本
49,../../../../global500/18/2021,通用汽车公司（GENERAL MOTORS) ,122,485,6,427,美国
50,../../../../global500/112/2021,Anthem公司（ANTHEM) ,121,867,4,572,美国
51,../../../../global500/114/2021,三菱商事株式会社（MITSUBISHI) ,121,542.7,1,627.7,日本
52,../../../../global500/6/2021,道达尔能源公司（TOTALENERGIES) ,119,704,-7,242,法国
53,../../../../global500/61/2021,德国电信（DEUTSCHE TELEKOM) ,115,083.2,4,737.8,德国
54,../../../../global500/78/2021,宝马集团（BMW GROUP) ,112,794.1,4,301.4,德国
55,../../../../global500/44/2021,日本电报电话公司（NIPPON TELEGRAPH AND TELEPHONE) ,112,670.3,8,642.6,日本
56,../../../../global500/99/2021,中国移动通信集团有限公司（CHINA MOBILE COMMUNICATIONS) ,111,825.5,12,920.1,中国
57,../../../../global500/699/2021,Centene公司（CENTENE) ,111,115,1,808,美国
58,../../../../global500/11/2021,日本邮政控股公司（JAPAN POST HOLDINGS) ,110,561.3,3,945.3,日本
59,../../../../global500/687/2021,京东集团股份有限公司（JD.COM) ,108,087,7,160.2,中国
60,../../../../global500/579/2021,上海汽车集团股份有限公司（SAIC MOTOR) ,107,555.2,2,961,中国
61,../../../../global500/341/2021,中国交通建设集团有限公司（CHINA COMMUNICATIONS CONSTRUCTION) ,106,867.7,1,165,中国
62,../../../../global500/405/2021,房利美（FANNIE MAE) ,106,437,11,805,美国
63,../../../../global500/724/2021,阿里巴巴集团控股有限公司（ALIBABA GROUP HOLDING) ,105,865.7,22,224,中国
64,../../../../global500/237/2021,美国康卡斯特电信公司（COMCAST) ,103,564,10,534,美国
65,../../../../global500/331/2021,中国五矿集团有限公司（CHINA MINMETALS) ,102,014.8,491.1,中国
66,../../../../global500/385/2021,中国第一汽车集团有限公司（CHINA FAW GROUP) ,101,075.8,2,866.5,中国
67,../../../../global500/714/2021,恒力集团有限公司（HENGLI GROUP) ,100,773.1,2,372.7,中国
68,../../../../global500/617/2021,正威国际集团有限公司（AMER INTERNATIONAL GROUP) ,100,280.5,1,851.7,中国
69,../../../../global500/518/2021,中国华润有限公司（CHINA RESOURCES) ,99,437.6,4,330.2,中国
70,../../../../global500/595/2021,山东能源集团有限公司（SHANDONG ENERGY GROUP) ,97,860.6,1,161.9,中国
71,../../../../global500/238/2021,日本伊藤忠商事株式会社（ITOCHU) ,97,753.1,3,786.8,日本
72,../../../../global500/220/2021,中国宝武钢铁集团有限公司（CHINA BAOWU STEEL GROUP) ,97,643.1,3,628.7,中国
73,../../../../global500/47/2021,意大利忠利保险公司（ASSICURAZIONI GENERALI) ,97,128.9,1,987.2,意大利
74,../../../../global500/556/2021,中国邮政集团有限公司（CHINA POST GROUP) ,96,304.1,4,698.4,中国
75,../../../../global500/5/2021,雪佛龙（CHEVRON) ,94,692,-5,543,美国
76,../../../../global500/710/2021,戴尔科技公司（DELL TECHNOLOGIES) ,94,224,3,250,美国
77,../../../../global500/37/2021,美国银行（BANK OF AMERICA) ,93,753,17,894,美国
78,../../../../global500/100/2021,塔吉特公司（TARGET) ,93,561,4,368,美国
79,../../../../global500/48/2021,雀巢公司（NESTLÉ) ,89,852.9,13,031.1,瑞士
80,../../../../global500/153/2021,美国劳氏公司（LOWE'S) ,89,597,5,835,美国
81,../../../../global500/578/2021,马拉松原油公司（MARATHON PETROLEUM) ,88,952,-9,826,美国
82,../../../../global500/39/2021,花旗集团（CITIGROUP) ,88,839,11,047,美国
83,../../../../global500/87/2021,现代汽车（HYUNDAI MOTOR) ,88,155.7,1,207.5,韩国
84,../../../../global500/22/2021,俄罗斯天然气工业股份公司（GAZPROM) ,87,870.4,1,872,俄罗斯
85,../../../../global500/507/2021,东风汽车公司集团有限公司（DONGFENG MOTOR) ,86,856.3,1,115.5,中国
86,../../../../global500/719/2021,Facebook公司（FACEBOOK) ,85,965,29,146,美国
87,../../../../global500/187/2021,皇家阿霍德德尔海兹集团（ROYAL AHOLD DELHAIZE) ,85,157.9,1,591.8,荷兰
88,../../../../global500/81/2021,索尼（SONY) ,84,893.1,11,053.6,日本
89,../../../../global500/143/2021,联合包裹速递服务公司（UNITED PARCEL SERVICE) ,84,628,1,343,美国
90,../../../../global500/516/2021,中国人民保险集团股份有限公司（PEOPLE'S INSURANCE CO. OF CHINA) ,84,290.4,2,903.8,中国
91,../../../../global500/185/2021,中国南方电网有限责任公司（CHINA SOUTHERN POWER GRID) ,83,699,998.6,中国
92,../../../../global500/318/2021,中国海洋石油集团有限公司（CHINA NATIONAL OFFSHORE OIL) ,83,296.3,4,802.4,中国
93,../../../../global500/46/2021,法国农业信贷银行（CRÉDIT AGRICOLE) ,82,958.8,3,067.4,法国
94,../../../../global500/103/2021,强生（JOHNSON &amp; JOHNSON) ,82,584,14,714,美国
95,../../../../global500/52/2021,日立（HITACHI) ,82,344.6,4,731.8,日本
96,../../../../global500/25/2021,家乐福（CARREFOUR) ,82,211.3,730.4,法国
97,../../../../global500/24/2021,法国巴黎银行（BNP PARIBAS) ,81,632.4,8,052.5,法国
98,../../../../global500/98/2021,博世集团（BOSCH GROUP) ,81,463.8,360.1,德国
99,../../../../global500/56/2021,乐购（TESCO) ,81,248,7,948.4,英国
100,../../../../global500/140/2021,日本永旺集团（AEON) ,81,227.8,-670.5,日本
101,../../../../global500/514/2021,国家能源投资集团有限责任公司（CHINA ENERGY INVESTMENT) ,80,716.2,4,102.1,中国
102,../../../../global500/21/2021,汇丰银行控股公司（HSBC HOLDINGS) ,80,429,5,229,英国
103,../../../../global500/142/2021,美国富国银行（WELLS FARGO) ,80,303,3,301,美国
104,../../../../global500/12/2021,通用电气公司（GENERAL ELECTRIC) ,79,619,5,704,美国
105,../../../../global500/57/2021,法国电力公司（ELECTRICITÉ DE FRANCE) ,78,903.5,740.6,法国
106,../../../../global500/111/2021,州立农业保险公司（STATE FARM INSURANCE) ,78,898,3,738.9,美国
107,../../../../global500/585/2021,中国电力建设集团有限公司（POWERCHINA) ,78,486.5,688.6,中国
108,../../../../global500/202/2021,英特尔公司（INTEL) ,77,867,20,899,美国
109,../../../../global500/628/2021,中国医药集团有限公司（SINOPHARM) ,77,278.2,1,258.7,中国
110,../../../../global500/303/2021,哈门那公司（HUMANA) ,77,155,3,367,美国
111,../../../../global500/96/2021,日本生命保险公司（NIPPON LIFE INSURANCE) ,76,984.3,3,127.2,日本
112,../../../../global500/335/2021,中粮集团有限公司（COFCO) ,76,855.6,1,377.6,中国
113,../../../../global500/54/2021,德国邮政敦豪集团（DEUTSCHE POST DHL GROUP) ,76,122.1,3,394.4,德国
114,../../../../global500/131/2021,三井物产株式会社（MITSUI) ,75,562.4,3,164.5,日本
115,../../../../global500/415/2021,中国中信集团有限公司（CITIC GROUP) ,74,689.2,3,842.5,中国
116,../../../../global500/67/2021,日产汽车（NISSAN MOTOR) ,74,169.5,-4,232.7,日本
117,../../../../global500/95/2021,慕尼黑再保险集团（MUNICH RE GROUP) ,74,074.5,1,379.9,德国
118,../../../../global500/62/2021,意大利国家电力公司（ENEL) ,74,047.1,2,974,意大利
119,../../../../global500/139/2021,第一生命控股有限公司（DAI-ICHI LIFE HOLDINGS) ,73,841.5,3,431.6,日本
120,../../../../global500/35/2021,西班牙国家银行（BANCO SANTANDER) ,73,630.1,-9,994.1,西班牙
121,../../../../global500/45/2021,国际商业机器公司（INTERNATIONAL BUSINESS MACHINES) ,73,620,5,590,美国
122,../../../../global500/708/2021,中国恒大集团（CHINA EVERGRANDE GROUP) ,73,514,1,170.4,中国
123,../../../../global500/84/2021,美国邮政（U.S. POSTAL SERVICE) ,73,133,-9,176,美国
124,../../../../global500/614/2021,北京汽车集团有限公司（BEIJING AUTOMOTIVE GROUP) ,72,147.3,339.8,中国
125,../../../../global500/65/2021,卢克石油公司（LUKOIL) ,71,856.2,209.9,俄罗斯
126,../../../../global500/263/2021,中国电信集团有限公司（CHINA TELECOMMUNICATIONS) ,71,400.9,1,886.1,中国
127,../../../../global500/513/2021,中国兵器工业集团有限公司（CHINA NORTH INDUSTRIES GROUP) ,71,017.5,1,510.9,中国
128,../../../../global500/68/2021,宝洁公司（PROCTER &amp; GAMBLE) ,70,950,13,027,美国
129,../../../../global500/72/2021,SK集团（SK) ,70,839.2,160.5,韩国
130,../../../../global500/26/2021,意昂集团（E.ON) ,70,381.5,1,158.8,德国
131,../../../../global500/175/2021,百事公司（PEPSICO) ,70,372,7,120,美国
132,../../../../global500/728/2021,腾讯控股有限公司（TENCENT HOLDINGS) ,69,864.2,23,166.2,中国
133,../../../../global500/712/2021,艾伯森公司（ALBERTSONS) ,69,690.4,850.2,美国
134,../../../../global500/59/2021,巴斯夫公司（BASF) ,69,464.3,-1,207.8,德国
135,../../../../global500/200/2021,联邦快递（FEDEX) ,69,217,1,286,美国
136,../../../../global500/132/2021,大都会人寿（METLIFE) ,67,842,5,407,美国
137,../../../../global500/494/2021,交通银行股份有限公司（BANK OF COMMUNICATIONS) ,67,605.5,11,409.3,中国
138,../../../../global500/624/2021,晋能控股集团有限公司（JINNENG HOLDING GROUP) ,67,534.8,8.2,中国
139,../../../../global500/726/2021,碧桂园控股有限公司（COUNTRY GARDEN HOLDINGS) ,67,080.4,5,075.6,中国
140,../../../../global500/426/2021,中国航空工业集团有限公司（AVIATION INDUSTRY CORP. OF CHINA) ,66,964.1,915.7,中国
141,../../../../global500/508/2021,房地美（FREDDIE MAC) ,66,228,7,326,美国
142,../../../../global500/600/2021,绿地控股集团股份有限公司（GREENLAND HOLDING GROUP) ,66,095.8,2,173.6,中国
143,../../../../global500/608/2021,Phillips66公司（PHILLIPS 66) ,65,494,-3,975,美国
144,../../../../global500/179/2021,洛克希德－马丁（LOCKHEED MARTIN) ,65,398,6,833,美国
145,../../../../global500/201/2021,华特迪士尼公司（WALT DISNEY) ,65,388,-2,864,美国
146,../../../../global500/93/2021,ADM公司（ARCHER DANIELS MIDLAND) ,64,355,1,772,美国
147,../../../../global500/171/2021,瑞士罗氏公司（ROCHE GROUP) ,64,285,15,228.8,瑞士
148,../../../../global500/730/2021,厦门建发集团有限公司（XIAMEN C&amp;D) ,64,111.8,952.6,中国
149,../../../../global500/639/2021,太平洋建设集团有限公司（PACIFIC CONSTRUCTION GROUP) ,64,037.7,2,218.1,中国
150,../../../../global500/30/2021,西门子（SIEMENS) ,63,935.5,4,509.4,德国
151,../../../../global500/170/2021,中国中化集团有限公司（SINOCHEM) ,63,544,809.1,中国
152,../../../../global500/53/2021,Engie集团（ENGIE) ,63,525.4,-1,750.2,法国
153,../../../../global500/504/2021,英国法通保险公司（LEGAL &amp; GENERAL GROUP) ,63,324.5,2,061,英国
154,../../../../global500/79/2021,松下（PANASONIC) ,63,191.3,1,557.2,日本
155,../../../../global500/264/2021,信实工业公司（RELIANCE INDUSTRIES) ,62,912.1,6,619.4,印度
156,../../../../global500/721/2021,布鲁克菲尔德资产管理公司（BROOKFIELD ASSET MANAGEMENT) ,62,752,-134,加拿大
157,../../../../global500/221/2021,英杰华集团（AVIVA) ,62,579.3,3,588.4,英国
158,../../../../global500/571/2021,中国太平洋保险(集团)股份有限公司（CHINA PACIFIC INSURANCE (GROUP)) ,61,185.7,3,562.9,中国
159,../../../../global500/563/2021,联想集团有限公司（LENOVO GROUP) ,60,742.3,1,178.3,中国
160,../../../../global500/686/2021,万科企业股份有限公司（CHINA VANKE) ,60,740.7,6,016.7,中国
161,../../../../global500/572/2021,中国化工集团有限公司（CHEMCHINA) ,60,491.9,-815.6,中国
162,../../../../global500/605/2021,招商银行股份有限公司（CHINA MERCHANTS BANK) ,60,433.2,14,107.5,中国
163,../../../../global500/738/2021,招商局集团有限公司（CHINA MERCHANTS GROUP) ,60,280.7,5,919.4,中国
164,../../../../global500/33/2021,瓦莱罗能源公司（VALERO ENERGY) ,60,115,-1,421,美国
165,../../../../global500/189/2021,丸红株式会社（MARUBENI) ,59,735.2,2,125.7,日本
166,../../../../global500/101/2021,引能仕控股株式会社（ENEOS HOLDINGS) ,59,540,1,075.4,日本
167,../../../../global500/736/2021,丰田通商公司（TOYOTA TSUSHO) ,59,517.1,1,269.7,日本
168,../../../../global500/255/2021,苏黎世保险集团（ZURICH INSURANCE GROUP) ,59,001,3,834,瑞士
169,../../../../global500/276/2021,宏利金融（MANULIFE FINANCIAL) ,58,840.4,4,377.9,加拿大
170,../../../../global500/573/2021,物产中大集团股份有限公司（WUCHAN ZHONGDA GROUP) ,58,545.7,397.9,中国
171,../../../../global500/732/2021,厦门国贸控股集团有限公司（XIAMEN ITG HOLDING GROUP) ,58,279,285.8,中国
172,../../../../global500/505/2021,荷兰全球保险集团（AEGON) ,58,211.1,-166.4,荷兰
173,../../../../global500/116/2021,波音（BOEING) ,58,158,-11,873,美国
174,../../../../global500/670/2021,中国保利集团有限公司（CHINA POLY GROUP) ,58,072.3,1,949.4,中国
175,../../../../global500/121/2021,联合利华（UNILEVER) ,57,797.4,6,359.3,英国
176,../../../../global500/634/2021,广州汽车工业集团有限公司（GUANGZHOU AUTOMOBILE INDUSTRY GROUP) ,57,723.9,576.2,中国
177,../../../../global500/574/2021,中国建材集团有限公司（CHINA NATIONAL BUILDING MATERIAL GROUP) ,57,115.3,103,中国
178,../../../../global500/298/2021,保德信金融集团（PRUDENTIAL FINANCIAL) ,57,033,-374,美国
179,../../../../global500/104/2021,空中客车公司（AIRBUS) ,56,872.2,-1,291,荷兰
180,../../../../global500/128/2021,三菱日联金融集团（MITSUBISHI UFJ FINANCIAL GROUP) ,56,838.4,7,329.8,日本
181,../../../../global500/34/2021,巴西国家石油公司（PETROBRAS) ,56,683,1,141,巴西
182,../../../../global500/32/2021,惠普公司（HP) ,56,639,2,844,美国
183,../../../../global500/123/2021,雷神技术公司（RAYTHEON TECHNOLOGIES) ,56,587,-3,519,美国
184,../../../../global500/332/2021,软银集团（SOFTBANK GROUP) ,56,213.6,47,052.6,日本
185,../../../../global500/503/2021,英国保诚集团（PRUDENTIAL) ,55,973,2,118,英国
186,../../../../global500/481/2021,富腾公司（FORTUM) ,55,850.1,2,077.2,芬兰
187,../../../../global500/124/2021,东京电力公司（TOKYO ELECTRIC POWER) ,55,343.1,1,706.4,日本
188,../../../../global500/129/2021,Seven&amp;I控股公司（SEVEN &amp; I HOLDINGS) ,54,442.4,1,692.4,日本
189,../../../../global500/740/2021,厦门象屿集团有限公司（XMXYG) ,54,323.9,279,中国
190,../../../../global500/506/2021,StoneX集团（STONEX GROUP) ,54,139.6,169.6,美国
191,../../../../global500/644/2021,AlimentationCouche-Tard公司（ALIMENTATION COUCHE-TARD) ,54,132.4,2,353.6,加拿大
192,../../../../global500/552/2021,LG电子（LG ELECTRONICS) ,53,625.4,1,668.5,韩国
193,../../../../global500/136/2021,高盛（GOLDMAN SACHS GROUP) ,53,498,9,459,美国
194,../../../../global500/666/2021,中国光大集团股份公司（CHINA EVERBRIGHT GROUP) ,53,429,2,570.9,中国
195,../../../../global500/158/2021,俄罗斯石油公司（ROSNEFT OIL) ,53,375.8,2,033.2,俄罗斯
196,../../../../global500/622/2021,兴业银行股份有限公司（INDUSTRIAL BANK) ,53,313.9,9,655.9,中国
197,../../../../global500/28/2021,安赛乐米塔尔（ARCELORMITTAL) ,53,270,-733,卢森堡
198,../../../../global500/499/2021,中国铝业集团有限公司（ALUMINUM CORP. OF CHINA) ,53,191.2,320.9,中国
199,../../../../global500/204/2021,西斯科公司（SYSCO) ,52,893.3,215.5,美国
200,../../../../global500/375/2021,河钢集团有限公司（HBIS GROUP) ,52,760.7,5.7,中国
201,../../../../global500/629/2021,上海浦东发展银行股份有限公司（SHANGHAI PUDONG DEVELOPMENT BANK) ,52,628.3,8,443.6,中国
202,../../../../global500/547/2021,巴西JBS公司（JBS) ,52,429,892.2,巴西
203,../../../../global500/43/2021,法国兴业银行（SOCIÉTÉ GÉNÉRALE) ,52,068.3,-294,法国
204,../../../../global500/108/2021,摩根士丹利（MORGAN STANLEY) ,52,047,10,996,美国
205,../../../../global500/363/2021,印度国家银行（STATE BANK OF INDIA) ,51,919.4,3,018.9,印度
206,../../../../global500/118/2021,泰国国家石油有限公司（PTT) ,51,647.5,1,207.2,泰国
207,../../../../global500/308/2021,HCA医疗保健公司（HCA HEALTHCARE) ,51,533,3,754,美国
208,../../../../global500/231/2021,东京海上日动火灾保险公司（TOKIO MARINE HOLDINGS) ,51,516.7,1,526.3,日本
209,../../../../global500/94/2021,沃达丰集团（VODAFONE GROUP) ,51,054.5,130.5,英国
210,../../../../global500/338/2021,迪奥公司（CHRISTIAN DIOR) ,50,877.6,2,202.6,法国
211,../../../../global500/300/2021,丰益国际（WILMAR INTERNATIONAL) ,50,526.8,1,534.1,新加坡
212,../../../../global500/105/2021,印度石油公司（INDIAN OIL) ,50,433,2,915.5,印度
213,../../../../global500/672/2021,友邦保险集团有限公司（AIA GROUP) ,50,359,5,779,中国
214,../../../../global500/150/2021,万喜集团（VINCI) ,50,270.2,1,415.2,法国
215,../../../../global500/581/2021,起亚公司（KIA) ,50,155.1,1,261,韩国
216,../../../../global500/17/2021,埃尼石油公司（ENI) ,50,121,-9,839.1,意大利
217,../../../../global500/232/2021,日本KDDI电信公司（KDDI) ,50,115,6,145.7,日本
218,../../../../global500/183/2021,诺华公司（NOVARTIS) ,49,898,8,072,瑞士
219,../../../../global500/130/2021,雷诺（RENAULT) ,49,536.4,-9,124.7,法国
220,../../../../global500/665/2021,陕西煤业化工集团有限责任公司（SHAANXI COAL &amp; CHEMICAL INDUSTRY) ,49,314.3,120.8,中国
221,../../../../global500/191/2021,思科公司（CISCO SYSTEMS) ,49,301,11,214,美国
222,../../../../global500/305/2021,韩国电力公司（KOREA ELECTRIC POWER) ,49,102,1,688,韩国
223,../../../../global500/66/2021,西班牙电话公司（TELEFÓNICA) ,49,082.9,1,802.6,西班牙
224,../../../../global500/620/2021,中国民生银行股份有限公司（CHINA MINSHENG BANKING) ,49,076,4,972.3,中国
225,../../../../global500/621/2021,江西铜业集团有限公司（JIANGXI COPPER) ,48,820.1,194.7,中国
226,../../../../global500/199/2021,韩国浦项制铁公司（POSCO) ,48,712.8,1,340.3,韩国
227,../../../../global500/154/2021,拜耳集团（BAYER) ,48,483.6,-11,958.5,德国
228,../../../../global500/226/2021,加拿大鲍尔集团（POWER CORP. OF CANADA) ,48,183.1,1,525.7,加拿大
229,../../../../global500/77/2021,Orange公司（ORANGE) ,48,164.5,5,494.4,法国
230,../../../../global500/717/2021,特许通讯公司（CHARTER COMMUNICATIONS) ,48,097,3,222,美国
231,../../../../global500/327/2021,中国远洋海运集团有限公司（CHINA COSCO SHIPPING) ,47,998.3,1,471.2,中国
232,../../../../global500/378/2021,默沙东（MERCK) ,47,994,7,067,美国
233,../../../../global500/126/2021,ELO集团（ELO GROUP) ,47,607.3,772.5,法国
234,../../../../global500/630/2021,陕西延长石油（集团）有限责任公司（SHAANXI YANCHANG PETROLEUM (GROUP)) ,47,529.1,160.7,中国
235,../../../../global500/616/2021,和硕（PEGATRON) ,47,517.9,686.2,中国
236,../../../../global500/387/2021,百威英博（ANHEUSER-BUSCH INBEV) ,47,358,1,405,比利时
237,../../../../global500/273/2021,美洲电信（AMÉRICA MÓVIL) ,47,326,2,180.5,墨西哥
238,../../../../global500/167/2021,百思买（BEST BUY) ,47,262,1,798,美国
239,../../../../global500/599/2021,浙江吉利控股集团有限公司（ZHEJIANG GEELY HOLDING GROUP) ,47,191,1,352.3,中国
240,../../../../global500/789/2021,中国船舶集团有限公司（CHINA STATE SHIPBUILDING) ,46,844.6,1,874.6,中国
241,../../../../global500/642/2021,Talanx公司（TALANX) ,46,788.1,766.8,德国
242,../../../../global500/269/2021,美国纽约人寿保险公司（NEW YORK LIFE INSURANCE) ,46,712.4,-822.3,美国
243,../../../../global500/402/2021,印度石油天然气公司（OIL &amp; NATURAL GAS) ,46,597.1,2,189.3,印度
244,../../../../global500/271/2021,电装公司（DENSO) ,46,569.3,1,179.7,日本
245,../../../../global500/458/2021,MS&amp;AD保险集团控股有限公司（MS&amp;AD INSURANCE GROUP HOLDINGS) ,46,149.7,1,362.1,日本
246,../../../../global500/36/2021,Equinor公司（EQUINOR) ,45,818,-5,510,挪威
247,../../../../global500/698/2021,艾伯维（ABBVIE) ,45,804,4,616,美国
248,../../../../global500/425/2021,中国华能集团有限公司（CHINA HUANENG GROUP) ,45,750.4,312.4,中国
249,../../../../global500/157/2021,日本制铁集团公司（NIPPON STEEL CORPORATION) ,45,555.7,-305.9,日本
250,../../../../global500/211/2021,加拿大皇家银行（ROYAL BANK OF CANADA) ,45,508.8,8,496.9,加拿大
251,../../../../global500/674/2021,台积公司（TAIWAN SEMICONDUCTOR MANUFACTURING) ,45,477.8,17,343.6,中国
252,../../../../global500/151/2021,德国联邦铁路公司（DEUTSCHE BAHN) ,45,465.2,-6,476.6,德国
253,../../../../global500/373/2021,大众超级市场公司（PUBLIX SUPER MARKETS) ,45,204,3,971.8,美国
254,../../../../global500/295/2021,好事达（ALLSTATE) ,44,791,5,576,美国
255,../../../../global500/790/2021,浙江荣盛控股集团有限公司（ZHEJIANG RONGSHENG HOLDING GROUP) ,44,725.9,626.5,中国
256,../../../../global500/134/2021,力拓集团（RIO TINTO GROUP) ,44,611,9,769,英国
257,../../../../global500/31/2021,墨西哥石油公司（PEMEX) ,44,383.6,-23,683.3,墨西哥
258,../../../../global500/348/2021,埃森哲（ACCENTURE) ,44,327,5,107.8,爱尔兰
259,../../../../global500/391/2021,德国艾德卡公司（EDEKA ZENTRALE) ,44,158.6,315.4,德国
260,../../../../global500/419/2021,中国联合网络通信股份有限公司（CHINA UNITED NETWORK COMMUNICATIONS) ,44,034.4,800.2,中国
261,../../../../global500/229/2021,住友商事（SUMITOMO) ,43,817.9,-1,443.9,日本
262,../../../../global500/304/2021,美国利宝互助保险集团（LIBERTY MUTUAL INSURANCE GROUP) ,43,796,758,美国
263,../../../../global500/501/2021,美国国际集团（AMERICAN INTERNATIONAL GROUP) ,43,736,-5,944,美国
264,../../../../global500/168/2021,英国葛兰素史克公司（GLAXOSMITHKLINE) ,43,731.8,7,373.1,英国
265,../../../../global500/502/2021,法国BPCE银行集团（GROUPE BPCE) ,43,475.7,1,834.5,法国
266,../../../../global500/102/2021,圣戈班集团（SAINT-GOBAIN) ,43,444.9,519.6,法国
267,../../../../global500/256/2021,英国劳埃德银行集团（LLOYDS BANKING GROUP) ,43,440.7,1,690.3,英国
268,../../../../global500/398/2021,瑞士再保险股份有限公司（SWISS RE) ,43,338,-878,瑞士
269,../../../../global500/310/2021,俄罗斯联邦储蓄银行（SBERBANK) ,43,263.6,10,527.2,俄罗斯
270,../../../../global500/313/2021,泰森食品（TYSON FOODS) ,43,185,2,061,美国
271,../../../../global500/362/2021,韩华集团（HANWHA) ,43,168.9,181.2,韩国
272,../../../../global500/222/2021,德国大陆集团（CONTINENTAL) ,42,982.7,-1,096,德国
273,../../../../global500/120/2021,必和必拓集团（BHP GROUP) ,42,931,7,956,澳大利亚
274,../../../../global500/180/2021,伍尔沃斯集团（WOOLWORTHS GROUP) ,42,677.8,780.8,澳大利亚
275,../../../../global500/725/2021,前进保险公司（PROGRESSIVE) ,42,658.1,5,704.6,美国
276,../../../../global500/181/2021,赛诺菲（SANOFI) ,42,580.1,14,031.2,法国
277,../../../../global500/80/2021,马来西亚国家石油公司（PETRONAS) ,42,562.5,-5,679.5,马来西亚
278,../../../../global500/435/2021,百时美施贵宝公司（BRISTOL-MYERS SQUIBB) ,42,518,-9,015,美国
279,../../../../global500/755/2021,青山控股集团有限公司（TSINGSHAN HOLDING GROUP) ,42,448.1,1,129.3,中国
280,../../../../global500/463/2021,美国全国保险公司（NATIONWIDE) ,41,929.8,-138.4,美国
281,../../../../global500/152/2021,辉瑞制药有限公司（PFIZER) ,41,908,9,616,美国
282,../../../../global500/590/2021,山东魏桥创业集团有限公司（SHANDONG WEIQIAO PIONEERING GROUP) ,41,878.8,1,236,中国
283,../../../../global500/144/2021,卡特彼勒（CATERPILLAR) ,41,748,2,998,美国
284,../../../../global500/561/2021,中国机械工业集团有限公司（SINOMACH) ,41,712,570.9,中国
285,../../../../global500/296/2021,美国教师退休基金会（TIAA) ,41,619.3,558.1,美国
286,../../../../global500/791/2021,英格卡集团（INGKA GROUP) ,41,580.4,1,323,荷兰
287,../../../../global500/610/2021,印尼国家石油公司（PERTAMINA) ,41,469.5,1,051.1,印度尼西亚
288,../../../../global500/703/2021,美的集团股份有限公司（MIDEA GROUP) ,41,407.1,3,945.3,中国
289,../../../../global500/138/2021,邦吉公司（BUNGE) ,41,404,1,145,美国
290,../../../../global500/523/2021,费森尤斯集团（FRESENIUS) ,41,335.8,1,945,德国
291,../../../../global500/137/2021,意大利联合圣保罗银行（INTESA SANPAOLO) ,41,258.3,3,734,意大利
292,../../../../global500/254/2021,乔治威斯顿公司（GEORGE WESTON) ,40,792.6,718.1,加拿大
293,../../../../global500/594/2021,国家电力投资集团有限公司（STATE POWER INVESTMENT) ,40,322.8,343.8,中国
294,../../../../global500/205/2021,巴西淡水河谷公司（VALE) ,40,018,4,881,巴西
295,../../../../global500/241/2021,西班牙ACS集团（ACS) ,39,967.2,654,西班牙
296,../../../../global500/354/2021,多伦多道明银行（TORONTO-DOMINION BANK) ,39,899.5,8,841,加拿大
297,../../../../global500/106/2021,马士基集团（MAERSK GROUP) ,39,740,2,850,丹麦
298,../../../../global500/74/2021,蒂森克虏伯（THYSSENKRUPP) ,39,658.8,10,725.1,德国
299,../../../../global500/156/2021,法国布伊格集团（BOUYGUES) ,39,607.3,793.1,法国
300,../../../../global500/215/2021,三菱电机股份有限公司（MITSUBISHI ELECTRIC) ,39,538.8,1,821.9,日本
301,../../../../global500/651/2021,中国能源建设集团有限公司（CHINA ENERGY ENGINEERING GROUP) ,39,439,507.6,中国
302,../../../../global500/119/2021,瑞银集团（UBS GROUP) ,39,298,6,557,瑞士
303,../../../../global500/663/2021,Finatis公司（FINATIS) ,39,197.1,-211.9,法国
304,../../../../global500/408/2021,甲骨文公司（ORACLE) ,39,068,10,135,美国
305,../../../../global500/640/2021,EnergyTransfer公司（ENERGY TRANSFER) ,38,954,-648,美国
306,../../../../global500/544/2021,大和房建（DAIWA HOUSE INDUSTRY) ,38,928.8,1,840.2,日本
307,../../../../global500/669/2021,中国航天科技集团有限公司（CHINA AEROSPACE SCIENCE &amp; TECHNOLOGY) ,38,741.9,2,735.1,中国
308,../../../../global500/444/2021,江苏沙钢集团有限公司（JIANGSU SHAGANG GROUP) ,38,664.5,1,144.5,中国
309,../../../../global500/792/2021,浙江恒逸集团有限公司（ZHEJIANG HENGYI GROUP) ,38,561.7,152,中国
310,../../../../global500/769/2021,陶氏公司（DOW) ,38,542,1,225,美国
311,../../../../global500/778/2021,盛虹控股集团有限公司（SHENGHONG HOLDING GROUP) ,38,440,519.8,中国
312,../../../../global500/260/2021,美国运通公司（AMERICAN EXPRESS) ,38,185,3,135,美国
313,../../../../global500/197/2021,日本明治安田生命保险公司（MEIJI YASUDA LIFE INSURANCE) ,38,003.6,1,780.4,日本
314,../../../../global500/261/2021,森宝利公司（J. SAINSBURY) ,37,943.5,-365.7,英国
315,../../../../global500/759/2021,安徽海螺集团有限责任公司（ANHUI CONCH GROUP) ,37,929.8,1,878.4,中国
316,../../../../global500/297/2021,通用动力（GENERAL DYNAMICS) ,37,925,3,167,美国
317,../../../../global500/70/2021,德意志银行（DEUTSCHE BANK) ,37,852.5,550.4,德国
318,../../../../global500/244/2021,日本出光兴产株式会社（IDEMITSU KOSAN) ,37,792.3,329.4,日本
319,../../../../global500/208/2021,Iberdrola公司（IBERDROLA) ,37,767,4,114.6,西班牙
320,../../../../global500/688/2021,中国航天科工集团有限公司（CHINA AEROSPACE SCIENCE &amp; INDUSTRY) ,37,697,1,955,中国
321,../../../../global500/497/2021,耐克公司（NIKE) ,37,403,2,539,美国
322,../../../../global500/637/2021,伊塔乌联合银行控股公司（ITAÚ UNIBANCO HOLDING) ,37,279.7,3,666.5,巴西
323,../../../../global500/680/2021,采埃孚（ZF FRIEDRICHSHAFEN) ,37,158.6,-940,德国
324,../../../../global500/342/2021,广达电脑公司（QUANTA COMPUTER) ,37,042.9,860.1,中国
325,../../../../global500/225/2021,日本三井住友金融集团（SUMITOMO MITSUI FINANCIAL GROUP) ,36,811.4,4,837.5,日本
326,../../../../global500/239/2021,美国诺斯洛普格拉曼公司（NORTHROP GRUMMAN) ,36,799,3,189,美国
327,../../../../global500/163/2021,沃尔沃集团（VOLVO) ,36,754.3,2,097.9,瑞典
328,../../../../global500/729/2021,苏宁易购集团股份有限公司（SUNING.COM GROUP) ,36,564.5,-619.5,中国
329,../../../../global500/737/2021,麦德龙（METRO) ,36,524.7,514.7,德国
330,../../../../global500/681/2021,联合服务汽车协会（UNITED SERVICES AUTOMOBILE ASSN.) ,36,296.2,3,906.9,美国
331,../../../../global500/526/2021,损保控股有限公司（SOMPO HOLDINGS) ,36,283.3,1,344.1,日本
332,../../../../global500/723/2021,阳光龙净集团有限公司（YANGO LONGKING GROUP) ,36,263.9,540.2,中国
333,../../../../global500/716/2021,安达保险公司（CHUBB) ,35,994,3,533,瑞士
334,../../../../global500/558/2021,中国电子信息产业集团有限公司（CHINA ELECTRONICS) ,35,930.9,-97.2,中国
335,../../../../global500/392/2021,贺利氏控股集团（HERAEUS HOLDING) ,35,929.1,-,德国
336,../../../../global500/756/2021,金川集团股份有限公司（JINCHUAN GROUP) ,35,907.1,360.4,中国
337,../../../../global500/113/2021,西班牙对外银行（BANCO BILBAO VIZCAYA ARGENTARIA) ,35,872.1,1,487,西班牙
338,../../../../global500/764/2021,小米集团（XIAOMI) ,35,632.6,2,950.1,中国
339,../../../../global500/522/2021,仁宝电脑（COMPAL ELECTRONICS) ,35,619.1,317.9,中国
340,../../../../global500/307/2021,迪尔公司（DEERE) ,35,540,2,751,美国
341,../../../../global500/280/2021,法国邮政（LA POSTE) ,35,533.7,2,374.6,法国
342,../../../../global500/245/2021,德国中央合作银行（DZ BANK) ,35,498.4,993.6,德国
343,../../../../global500/749/2021,泰康保险集团股份有限公司（TAIKANG INSURANCE GROUP) ,35,475.6,3,483.6,中国
344,../../../../global500/743/2021,中国太平保险集团有限责任公司（CHINA TAIPING INSURANCE GROUP) ,35,460.5,415.1,中国
345,../../../../global500/83/2021,巴克莱（BARCLAYS) ,35,404.6,3,056.2,英国
346,../../../../global500/291/2021,国泰金融控股股份有限公司（CATHAY FINANCIAL HOLDING) ,35,123.5,2,532.5,中国
347,../../../../global500/243/2021,日本三菱重工业股份有限公司（MITSUBISHI HEAVY INDUSTRIES) ,34,902.5,383.4,日本
348,../../../../global500/691/2021,RajeshExports公司（RAJESH EXPORTS) ,34,804.8,113.9,印度
349,../../../../global500/754/2021,中国中车集团有限公司（CRRC GROUP) ,34,778.2,748,中国
350,../../../../global500/294/2021,雅培公司（ABBOTT LABORATORIES) ,34,608,4,495,美国
351,../../../../global500/428/2021,中国兵器装备集团有限公司（CHINA SOUTH INDUSTRIES GROUP) ,34,454.6,852.6,中国
352,../../../../global500/589/2021,中国华电集团有限公司（CHINA HUADIAN) ,34,440,584.8,中国
353,../../../../global500/701/2021,长江和记实业有限公司（CK HUTCHISON HOLDINGS) ,34,347.1,3,757.5,中国
354,../../../../global500/690/2021,中国电子科技集团有限公司（CHINA ELECTRONICS TECHNOLOGY GROUP) ,34,311.4,1,879.6,中国
355,../../../../global500/339/2021,意大利邮政集团（POSTE ITALIANE) ,34,205.1,1,375.3,意大利
356,../../../../global500/209/2021,法国国营铁路集团（SNCF GROUP) ,34,155,-3,452.5,法国
357,../../../../global500/524/2021,印度塔塔汽车公司（TATA MOTORS) ,34,012.8,-1,812.4,印度
358,../../../../global500/161/2021,富士通（FUJITSU) ,33,862.5,1,912.1,日本
359,../../../../global500/739/2021,雪松控股集团有限公司（CEDAR HOLDINGS GROUP) ,33,837,49.6,中国
360,../../../../global500/427/2021,西北互助人寿保险公司（NORTHWESTERN MUTUAL) ,33,782.1,425,美国
361,../../../../global500/731/2021,DollarGeneral公司（DOLLAR GENERAL) ,33,746.8,2,655.1,美国
362,../../../../global500/638/2021,路易达孚集团（LOUIS DREYFUS) ,33,564,382,荷兰
363,../../../../global500/775/2021,上海建工集团股份有限公司（SHANGHAI CONSTRUCTION GROUP) ,33,525.6,485.6,中国
364,../../../../global500/793/2021,融创中国控股有限公司（SUNAC CHINA HOLDINGS) ,33,418.4,5,165.8,中国
365,../../../../global500/417/2021,爱信（AISIN) ,33,259.7,996.5,日本
366,../../../../global500/744/2021,KB金融集团（KB FINANCIAL GROUP) ,33,201.2,2,928.8,韩国
367,../../../../global500/217/2021,住友生命保险公司（SUMITOMO LIFE INSURANCE) ,33,183.4,254.4,日本
368,../../../../global500/416/2021,英美烟草集团（BRITISH AMERICAN TOBACCO) ,33,057.6,8,208,英国
369,../../../../global500/489/2021,Exelon公司（EXELON) ,33,039,1,963,美国
370,../../../../global500/259/2021,可口可乐公司（COCA-COLA) ,33,014,7,747,美国
371,../../../../global500/785/2021,中国核工业集团有限公司（CHINA NATIONAL NUCLEAR) ,32,662.8,1,188.3,中国
372,../../../../global500/411/2021,怡和集团（JARDINE MATHESON) ,32,647,-394,中国
372,../../../../global500/384/2021,麦格纳国际（MAGNA INTERNATIONAL) ,32,647,757,加拿大
374,../../../../global500/212/2021,霍尼韦尔国际公司（HONEYWELL INTERNATIONAL) ,32,637,4,779,美国
375,../../../../global500/794/2021,敬业集团有限公司（JINGYE GROUP) ,32,528.2,607.3,中国
376,../../../../global500/343/2021,加拿大丰业银行（BANK OF NOVA SCOTIA) ,32,501.1,5,037.8,加拿大
377,../../../../global500/557/2021,菲尼克斯医药公司（PHOENIX PHARMA) ,32,386.9,221.3,德国
378,../../../../global500/164/2021,瑞士信贷（CREDIT SUISSE GROUP) ,32,343.3,2,843.4,瑞士
379,../../../../global500/512/2021,加拿大永明金融集团（SUN LIFE FINANCIAL) ,32,315.7,1,862.7,加拿大
380,../../../../global500/788/2021,赛默飞世尔科技公司（THERMO FISHER SCIENTIFIC) ,32,218,6,375,美国
381,../../../../global500/76/2021,雷普索尔公司（REPSOL) ,32,188.3,-3,747.6,西班牙
382,../../../../global500/351/2021,3M公司（3M) ,32,184,5,384,美国
383,../../../../global500/486/2021,TJX公司（TJX) ,32,137,90.5,美国
384,../../../../global500/780/2021,山东钢铁集团有限公司（SHANDONG IRON &amp; STEEL GROUP) ,31,990.3,129.4,中国
385,../../../../global500/366/2021,Travelers公司（TRAVELERS) ,31,981,2,697,美国
386,../../../../global500/379/2021,Migros集团（MIGROS GROUP) ,31,903.3,1,882.4,瑞士
387,../../../../global500/346/2021,欧莱雅（L'ORÉAL) ,31,895.6,4,060.3,法国
388,../../../../global500/745/2021,富邦金融控股股份有限公司（FUBON FINANCIAL HOLDING) ,31,837.8,3,065.4,中国
389,../../../../global500/635/2021,第一资本金融公司（CAPITAL ONE FINANCIAL) ,31,643,2,714,美国
390,../../../../global500/795/2021,新希望控股集团有限公司（NEW HOPE HOLDING GROUP) ,31,605.7,515.4,中国
391,../../../../global500/8/2021,荷兰国际集团（ING GROUP) ,31,604.9,2,563.8,荷兰
392,../../../../global500/796/2021,特斯拉（TESLA) ,31,536,721,美国
393,../../../../global500/774/2021,法国达飞海运集团（CMA CGM) ,31,445.1,1,755.3,法国
394,../../../../global500/289/2021,巴拉特石油公司（BHARAT PETROLEUM) ,31,315.1,2,178,印度
395,../../../../global500/696/2021,SAP公司（SAP) ,31,150.3,5,862.5,德国
396,../../../../global500/776/2021,深圳市投资控股有限公司（SHENZHEN INVESTMENT HOLDINGS) ,31,143.6,1,661,中国
397,../../../../global500/584/2021,Coop集团（COOP GROUP) ,31,057.5,574.2,瑞士
398,../../../../global500/597/2021,现代摩比斯公司（HYUNDAI MOBIS) ,31,047.2,1,296.2,韩国
399,../../../../global500/336/2021,英美资源集团（ANGLO AMERICAN) ,30,902,2,089,英国
400,../../../../global500/596/2021,鞍钢集团有限公司（ANSTEEL GROUP) ,30,885.6,258.5,中国
401,../../../../global500/302/2021,三菱化学控股（MITSUBISHI CHEMICAL HOLDINGS) ,30,729.1,-71.3,日本
402,../../../../global500/797/2021,西门子能源（SIEMENS ENERGY) ,30,722.9,-1,797,德国
403,../../../../global500/618/2021,山西焦煤集团有限责任公司（SHANXI COKING COAL GROUP) ,30,453.7,159.9,中国
404,../../../../global500/194/2021,日本钢铁工程控股公司（JFE HOLDINGS) ,30,443.7,-206.3,日本
405,../../../../global500/751/2021,海尔智家股份有限公司（HAIER SMART HOME) ,30,395,1,286.5,中国
406,../../../../global500/228/2021,日本瑞穗金融集团（MIZUHO FINANCIAL GROUP) ,30,357.1,4,443.2,日本
407,../../../../global500/763/2021,铜陵有色金属集团控股有限公司（TONGLING NONFERROUS METALS GROUP) ,30,301.1,-25.8,中国
408,../../../../global500/364/2021,Medipal控股公司（MEDIPAL HOLDINGS) ,30,291.3,225.7,日本
409,../../../../global500/773/2021,武田药品公司（TAKEDA PHARMACEUTICAL) ,30,165.7,3,546.9,日本
410,../../../../global500/230/2021,瑞士ABB集团（ABB) ,30,142,5,146,瑞士
411,../../../../global500/555/2021,首钢集团有限公司（SHOUGANG GROUP) ,30,053.7,42.5,中国
412,../../../../global500/290/2021,铃木汽车（SUZUKI MOTOR) ,29,980.8,1,381.2,日本
413,../../../../global500/135/2021,法国威立雅环境集团（VEOLIA ENVIRONNEMENT) ,29,637,101.2,法国
414,../../../../global500/190/2021,佳能（CANON) ,29,598.9,780.4,日本
415,../../../../global500/692/2021,新华人寿保险股份有限公司（NEW CHINA LIFE INSURANCE) ,29,544.6,2,071.6,中国
416,../../../../global500/367/2021,三星人寿保险（SAMSUNG LIFE INSURANCE) ,29,273.8,1,073,韩国
417,../../../../global500/324/2021,关西电力（KANSAI ELECTRIC POWER) ,29,171.3,1,028,日本
418,../../../../global500/646/2021,Enbridge公司（ENBRIDGE) ,29,146.5,2,507.7,加拿大
419,../../../../global500/718/2021,美敦力公司（MEDTRONIC) ,28,913,4,789,爱尔兰
420,../../../../global500/97/2021,东芝（TOSHIBA) ,28,812.6,1,075.2,日本
421,../../../../global500/576/2021,纬创集团（WISTRON) ,28,694.5,294.8,中国
422,../../../../global500/345/2021,菲利普－莫里斯国际公司（PHILIP MORRIS INTERNATIONAL) ,28,694,8,056,美国
423,../../../../global500/694/2021,艾睿电子（ARROW ELECTRONICS) ,28,673.4,584.4,美国
424,../../../../global500/330/2021,施耐德电气（SCHNEIDER ELECTRIC) ,28,667.4,2,422.5,法国
425,../../../../global500/798/2021,潍柴动力股份有限公司（WEICHAI POWER) ,28,621.8,1,334.4,中国
426,../../../../global500/148/2021,巴西布拉德斯科银行（BANCO BRADESCO) ,28,539.3,3,072.9,巴西
427,../../../../global500/771/2021,菲尼克斯集团控股公司（PHOENIX GROUP HOLDINGS) ,28,493.2,1,023.4,英国
428,../../../../global500/765/2021,海亮集团有限公司（HAILIANG GROUP) ,28,466.7,117.3,中国
429,../../../../global500/257/2021,CHS公司（CHS) ,28,406.4,422.4,美国
430,../../../../global500/652/2021,中国通用技术(集团)控股有限责任公司（CHINA GENERAL TECHNOLOGY) ,28,379.3,558.3,中国
431,../../../../global500/799/2021,北京建龙重工集团有限公司（BEIJING JIANLONG HEAVY INDUSTRY GROUP) ,28,361.5,494,中国
432,../../../../global500/182/2021,日本电气公司（NEC) ,28,243.3,1,411.3,日本
433,../../../../global500/800/2021,浙江省交通投资集团有限公司（ZHEJIANG COMMUNICATIONS INVESTMENT GROUP) ,28,168.2,706.7,中国
434,../../../../global500/270/2021,普利司通（BRIDGESTONE) ,28,046.8,-218.2,日本
435,../../../../global500/520/2021,中国大唐集团有限公司（CHINA DATANG) ,27,928.3,317.2,中国
436,../../../../global500/210/2021,英国电信集团（BT GROUP) ,27,863.3,1,922.8,英国
437,../../../../global500/781/2021,上海医药集团股份有限公司（SHANGHAI PHARMACEUTICALS HOLDING) ,27,812.9,651.6,中国
438,../../../../global500/147/2021,利安德巴塞尔工业公司（LYONDELLBASELL INDUSTRIES) ,27,753,1,420,荷兰
439,../../../../global500/784/2021,广西投资集团有限公司（GUANGXI INVESTMENT GROUP) ,27,707.9,41.3,中国
440,../../../../global500/356/2021,日本中部电力（CHUBU ELECTRIC POWER) ,27,690.4,1,388.6,日本
441,../../../../global500/278/2021,CRH公司（CRH) ,27,587,1,122,爱尔兰
442,../../../../global500/437/2021,住友电工（SUMITOMO ELECTRIC INDUSTRIES) ,27,531.7,531.5,日本
443,../../../../global500/762/2021,Financièredel'Odet公司（FINANCIÈRE DE L'ODET) ,27,470.1,244,法国
444,../../../../global500/733/2021,新疆广汇实业投资（集团）有限责任公司（XINJIANG GUANGHUI INDUSTRY INVESTMENT) ,27,448.3,59.2,中国
445,../../../../global500/782/2021,X5零售集团（X5 RETAIL GROUP) ,27,359.1,392,荷兰
446,../../../../global500/801/2021,捷普公司（JABIL) ,27,266.4,53.9,美国
447,../../../../global500/777/2021,林德集团（LINDE) ,27,250,2,501,英国
448,../../../../global500/553/2021,EnterpriseProductsPartners公司（ENTERPRISE PRODUCTS PARTNERS) ,27,199.7,3,775.6,美国
449,../../../../global500/352/2021,马自达汽车株式会社（MAZDA MOTOR) ,27,187.2,-298.6,日本
450,../../../../global500/750/2021,CJ集团（CJ CORP.) ,27,124.7,73.5,韩国
451,../../../../global500/786/2021,中国中煤能源集团有限公司（CHINA NATIONAL COAL GROUP) ,27,104.9,484.5,中国
452,../../../../global500/742/2021,SK海力士公司（SK HYNIX) ,27,041.1,4,030.8,韩国
453,../../../../global500/713/2021,慧与公司（HEWLETT PACKARD ENTERPRISE) ,26,982,-322,美国
454,../../../../global500/413/2021,达能（DANONE) ,26,913.8,2,228.8,法国
455,../../../../global500/647/2021,Achmea公司（ACHMEA) ,26,843.1,731.5,荷兰
456,../../../../global500/802/2021,龙湖集团控股有限公司（LONGFOR GROUP HOLDINGS) ,26,745.9,2,898.8,中国
457,../../../../global500/803/2021,UnitedNaturalFoods公司（UNITED NATURAL FOODS) ,26,742.8,-274.1,美国
458,../../../../global500/193/2021,英国森特理克集团（CENTRICA) ,26,701.5,52.6,英国
459,../../../../global500/659/2021,斯巴鲁公司（SUBARU) ,26,698,721.7,日本
460,../../../../global500/804/2021,广州市建筑集团有限公司（GUANGZHOU MUNICIPAL CONSTRUCTION GROUP) ,26,682.4,126.8,中国
461,../../../../global500/766/2021,LG化学公司（LG CHEM) ,26,644.8,434.5,韩国
462,../../../../global500/268/2021,阿斯利康（ASTRAZENECA) ,26,617,3,196,英国
463,../../../../global500/177/2021,亿滋国际（MONDELEZ INTERNATIONAL) ,26,581,3,555,美国
464,../../../../global500/530/2021,德国勃林格殷格翰公司（BOEHRINGER INGELHEIM) ,26,496.8,3,489,德国
465,../../../../global500/779/2021,维亚康姆CBS公司（VIACOMCBS) ,26,186,2,422,美国
466,../../../../global500/720/2021,卡夫亨氏公司（KRAFT HEINZ) ,26,185,356,美国
467,../../../../global500/172/2021,KOC集团（KOÇ HOLDING) ,26,179.2,1,320.9,土耳其
468,../../../../global500/805/2021,广州医药集团有限公司（GUANGZHOU PHARMACEUTICAL HOLDINGS) ,26,070.1,299,中国
469,../../../../global500/806/2021,新加坡奥兰国际有限公司（OLAM INTERNATIONAL) ,26,067.8,178.1,新加坡
470,../../../../global500/807/2021,华润置地有限公司（CHINA RESOURCES LAND) ,26,027.1,4,352.2,中国
471,../../../../global500/808/2021,云南省投资控股集团有限公司（YUNNAN PROVINCIAL INVESTMENT HOLDING GROUP) ,25,886.9,278.6,中国
472,../../../../global500/479/2021,蒙特利尔银行（BANK OF MONTREAL) ,25,664.6,3,788.4,加拿大
473,../../../../global500/495/2021,三星C&amp;T公司（SAMSUNG C&amp;T) ,25,613.3,877.8,韩国
474,../../../../global500/707/2021,万洲国际有限公司（WH GROUP) ,25,589,828,中国
475,../../../../global500/809/2021,DollarTree公司（DOLLAR TREE) ,25,509.3,1,341.9,美国
476,../../../../global500/704/2021,安进（AMGEN) ,25,424,7,264,美国
477,../../../../global500/407/2021,康帕斯集团（COMPASS GROUP) ,25,413.4,169.5,英国
478,../../../../global500/772/2021,Coles集团（COLES GROUP) ,25,324.5,655.5,澳大利亚
479,../../../../global500/483/2021,美国合众银行（U.S. BANCORP) ,25,241,4,959,美国
480,../../../../global500/265/2021,爱立信公司（ERICSSON) ,25,236.9,1,898.6,瑞典
481,../../../../global500/619/2021,华阳新材料科技集团有限公司（HUAYANG NEW MATERIAL TECHNOLOGY GROUP) ,25,187.9,-172.7,中国
482,../../../../global500/174/2021,巴西银行（BANCO DO BRASIL) ,25,149.6,2,299.6,巴西
483,../../../../global500/810/2021,PerformanceFoodGroup公司（PERFORMANCE FOOD GROUP) ,25,086.3,-114.1,美国
484,../../../../global500/811/2021,Netflix公司（NETFLIX) ,24,996.1,2,761.4,美国
485,../../../../global500/85/2021,诺基亚（NOKIA) ,24,899.2,-2,874.8,芬兰
486,../../../../global500/812/2021,紫金矿业集团股份有限公司（ZIJIN MINING GROUP) ,24,855.2,943.3,中国
487,../../../../global500/279/2021,BAE系统公司（BAE SYSTEMS) ,24,722.7,1,666,英国
488,../../../../global500/758/2021,珠海格力电器股份有限公司（GREE ELECTRIC APPLIANCES) ,24,709.7,3,213.8,中国
489,../../../../global500/676/2021,吉利德科学公司（GILEAD SCIENCES) ,24,689,123,美国
490,../../../../global500/813/2021,Synnex公司（SYNNEX) ,24,675.6,529.2,美国
491,../../../../global500/58/2021,联合信贷集团（UNICREDIT GROUP) ,24,664.5,-3,173.4,意大利
492,../../../../global500/393/2021,霍尔希姆公司（HOLCIM) ,24,653.8,1,807.9,瑞士
493,../../../../global500/394/2021,曼福集团（MAPFRE GROUP) ,24,641.5,599.9,西班牙
494,../../../../global500/482/2021,阿弗瑞萨控股公司（ALFRESA HOLDINGS) ,24,556.3,231.1,日本
495,../../../../global500/455/2021,美国礼来公司（ELI LILLY) ,24,539.8,6,193.7,美国
496,../../../../global500/814/2021,TruistFinancial公司（TRUIST FINANCIAL) ,24,427,4,482,美国
497,../../../../global500/815/2021,中国再保险（集团）股份有限公司（CHINA REINSURANCE (GROUP)) ,24,376,827.6,中国
498,../../../../global500/267/2021,澳洲联邦银行（COMMONWEALTH BANK OF AUSTRALIA) ,24,362,6,457.1,澳大利亚
499,../../../../global500/275/2021,伟创力公司（FLEX) ,24,124,613,新加坡
500,../../../../global500/337/2021,来德爱（RITE AID) ,24,043.4,-90.9,美国
